[
  {
    "id": "c6219d1b-e591-4159-a95f-a86de025968a",
    "data": [
      {
        "text": "saudações",
        "alias": "saudacao",
        "meta": "@saudacao",
        "userDefined": true
      }
    ],
    "isTemplate": false,
    "count": 0,
    "updated": 0
  },
  {
    "id": "111bde24-36c4-450c-8d15-38e3ed11d40d",
    "data": [
      {
        "text": "eae",
        "alias": "saudacao",
        "meta": "@saudacao",
        "userDefined": true
      }
    ],
    "isTemplate": false,
    "count": 0,
    "updated": 0
  },
  {
    "id": "24bc9380-e0b2-4d5d-8dd8-d569e8d7f380",
    "data": [
      {
        "text": "hi",
        "alias": "saudacao",
        "meta": "@saudacao",
        "userDefined": true
      }
    ],
    "isTemplate": false,
    "count": 0,
    "updated": 0
  },
  {
    "id": "cb9027a5-ea61-4c97-a2dd-c236d07cd68a",
    "data": [
      {
        "text": "hey",
        "alias": "saudacao",
        "meta": "@saudacao",
        "userDefined": true
      }
    ],
    "isTemplate": false,
    "count": 0,
    "updated": 0
  },
  {
    "id": "8ead9eb1-0ea6-4ef6-abf0-014bf3521823",
    "data": [
      {
        "text": "oi",
        "alias": "saudacao",
        "meta": "@saudacao",
        "userDefined": true
      }
    ],
    "isTemplate": false,
    "count": 0,
    "updated": 0
  },
  {
    "id": "9be75d5f-e92d-4182-8cb4-b9034d355766",
    "data": [
      {
        "text": "de boa",
        "alias": "saudacao",
        "meta": "@saudacao",
        "userDefined": true
      }
    ],
    "isTemplate": false,
    "count": 0,
    "updated": 0
  },
  {
    "id": "2e659fb9-2d8c-4853-b1c8-fb8c31475acf",
    "data": [
      {
        "text": "suave",
        "alias": "saudacao",
        "meta": "@saudacao",
        "userDefined": true
      }
    ],
    "isTemplate": false,
    "count": 0,
    "updated": 0
  },
  {
    "id": "e84908ac-78b6-4ba0-a5db-224eb3e3b83a",
    "data": [
      {
        "text": "tranquilo",
        "alias": "saudacao",
        "meta": "@saudacao",
        "userDefined": true
      }
    ],
    "isTemplate": false,
    "count": 0,
    "updated": 0
  },
  {
    "id": "38d53a3e-b284-4b88-a57a-251747c0830f",
    "data": [
      {
        "text": "há quanto tempo",
        "userDefined": false
      }
    ],
    "isTemplate": false,
    "count": 0,
    "updated": 0
  },
  {
    "id": "1e459d44-a31c-46ec-8eb2-e5fc1e8f4a3a",
    "data": [
      {
        "text": "olá",
        "alias": "saudacao",
        "meta": "@saudacao",
        "userDefined": true
      }
    ],
    "isTemplate": false,
    "count": 1,
    "updated": 0
  },
  {
    "id": "4d97017d-404a-4f16-98e0-0341a9d493fd",
    "data": [
      {
        "text": "Tudo bom",
        "alias": "saudacao",
        "meta": "@saudacao",
        "userDefined": true
      },
      {
        "text": "?",
        "userDefined": false
      }
    ],
    "isTemplate": false,
    "count": 0,
    "updated": 0
  },
  {
    "id": "cd494eb4-a753-4bf8-8c91-a54b737fa3f1",
    "data": [
      {
        "text": "Olá",
        "alias": "saudacao",
        "meta": "@saudacao",
        "userDefined": false
      },
      {
        "text": ", gostaria de resolver ",
        "userDefined": false
      },
      {
        "text": "um",
        "meta": "@sys.ignore",
        "userDefined": false
      },
      {
        "text": " problema",
        "userDefined": false
      }
    ],
    "isTemplate": false,
    "count": 0,
    "updated": 0
  },
  {
    "id": "bf1b4ac6-66c0-4158-bf0f-ce353e3294d6",
    "data": [
      {
        "text": "opa",
        "userDefined": false
      }
    ],
    "isTemplate": false,
    "count": 0,
    "updated": 0
  },
  {
    "id": "eed4050c-48ca-4de3-b2f9-8716b628e9b1",
    "data": [
      {
        "text": "fala aí",
        "alias": "saudacao",
        "meta": "@saudacao",
        "userDefined": true
      }
    ],
    "isTemplate": false,
    "count": 0,
    "updated": 0
  },
  {
    "id": "dd8c2132-3b8d-4443-bac9-fbfd3439d89a",
    "data": [
      {
        "text": "fala",
        "alias": "saudacao",
        "meta": "@saudacao",
        "userDefined": true
      }
    ],
    "isTemplate": false,
    "count": 1,
    "updated": 0
  },
  {
    "id": "19e9b620-c10f-428b-aa8c-931530887b77",
    "data": [
      {
        "text": "sussa",
        "alias": "saudacao",
        "meta": "@saudacao",
        "userDefined": true
      }
    ],
    "isTemplate": false,
    "count": 0,
    "updated": 0
  },
  {
    "id": "df5509bc-025b-4f4c-85b3-e0b58587edf9",
    "data": [
      {
        "text": "e aí",
        "alias": "saudacao",
        "meta": "@saudacao",
        "userDefined": true
      }
    ],
    "isTemplate": false,
    "count": 1,
    "updated": 0
  }
]