[
  {
    "id": "4e4b7b50-e12f-4197-9802-6ff7259c9836",
    "data": [
      {
        "text": "quero fazer parte",
        "userDefined": false
      }
    ],
    "isTemplate": false,
    "count": 0,
    "updated": 0
  },
  {
    "id": "8b1a5604-1cdf-42a7-9a2b-de938d3b1f05",
    "data": [
      {
        "text": "oferecer solução",
        "userDefined": false
      }
    ],
    "isTemplate": false,
    "count": 0,
    "updated": 0
  },
  {
    "id": "c8faf6cf-f775-48ac-8479-34460c6f4cb0",
    "data": [
      {
        "text": "solucionar um desafio",
        "userDefined": false
      }
    ],
    "isTemplate": false,
    "count": 0,
    "updated": 0
  },
  {
    "id": "2d7c467a-72c3-4980-90bf-d38d0d7a6b3a",
    "data": [
      {
        "text": "solucionar ",
        "userDefined": false
      },
      {
        "text": "um",
        "meta": "@sys.ignore",
        "userDefined": false
      },
      {
        "text": " problema",
        "userDefined": false
      }
    ],
    "isTemplate": false,
    "count": 0,
    "updated": 0
  },
  {
    "id": "41d916b8-4461-4ed1-a2ba-cab98b9b1d8d",
    "data": [
      {
        "text": "dar soluções",
        "userDefined": false
      }
    ],
    "isTemplate": false,
    "count": 0,
    "updated": 0
  },
  {
    "id": "d3d69878-6ccf-4070-94f8-b388df35cadf",
    "data": [
      {
        "text": "dar solução",
        "userDefined": false
      }
    ],
    "isTemplate": false,
    "count": 0,
    "updated": 0
  }
]