[
  {
    "id": "05d292e8-26b2-4ebd-b105-86fbdeedc790",
    "data": [
      {
        "text": "sim",
        "meta": "@sys.ignore",
        "userDefined": false
      }
    ],
    "isTemplate": false,
    "count": 0,
    "updated": 0
  },
  {
    "id": "9a208324-eefc-44e0-954c-071a77c74a59",
    "data": [
      {
        "text": "só se for ",
        "userDefined": false
      },
      {
        "text": "agora",
        "meta": "@sys.ignore",
        "userDefined": false
      }
    ],
    "isTemplate": false,
    "count": 0,
    "updated": 0
  },
  {
    "id": "59b3f416-7a52-4d1e-9305-4ad3cd436e0d",
    "data": [
      {
        "text": "bora",
        "meta": "@sys.ignore",
        "userDefined": false
      }
    ],
    "isTemplate": false,
    "count": 0,
    "updated": 0
  },
  {
    "id": "e28d539f-d86e-48a4-9e4b-1030c268aaa3",
    "data": [
      {
        "text": "vamos",
        "meta": "@sys.ignore",
        "userDefined": false
      }
    ],
    "isTemplate": false,
    "count": 0,
    "updated": 0
  },
  {
    "id": "533ac832-2b55-4689-9f71-81865e4643c5",
    "data": [
      {
        "text": "ok",
        "meta": "@sys.ignore",
        "userDefined": false
      }
    ],
    "isTemplate": false,
    "count": 0,
    "updated": 0
  }
]