[
  {
    "id": "1b33aa5a-7121-406f-ad89-79c12d8c23f2",
    "data": [
      {
        "text": "quero ",
        "userDefined": false
      },
      {
        "text": "uma",
        "meta": "@sys.ignore",
        "userDefined": false
      },
      {
        "text": " solução",
        "userDefined": false
      }
    ],
    "isTemplate": false,
    "count": 0,
    "updated": 0
  },
  {
    "id": "a43426bd-2993-45ee-9b64-6afb79dbab01",
    "data": [
      {
        "text": "procurar ",
        "userDefined": false
      },
      {
        "text": "uma",
        "meta": "@sys.ignore",
        "userDefined": false
      },
      {
        "text": " solução",
        "userDefined": false
      }
    ],
    "isTemplate": false,
    "count": 0,
    "updated": 0
  },
  {
    "id": "0678fed7-7bfa-4d28-97e5-e0fe74c0bf16",
    "data": [
      {
        "text": "procurar solução",
        "userDefined": false
      }
    ],
    "isTemplate": false,
    "count": 0,
    "updated": 0
  },
  {
    "id": "1eaeac25-294b-46cc-afc5-9ca909851c05",
    "data": [
      {
        "text": "quero procurar ",
        "userDefined": false
      },
      {
        "text": "uma",
        "meta": "@sys.ignore",
        "userDefined": false
      },
      {
        "text": " solução",
        "userDefined": false
      }
    ],
    "isTemplate": false,
    "count": 0,
    "updated": 0
  },
  {
    "id": "3adb5570-1c2f-45a4-85af-ab70b4ed76b7",
    "data": [
      {
        "text": "quero achar ",
        "userDefined": false
      },
      {
        "text": "um",
        "meta": "@sys.ignore",
        "userDefined": false
      },
      {
        "text": " problema",
        "userDefined": false
      }
    ],
    "isTemplate": false,
    "count": 0,
    "updated": 0
  }
]