[
  {
    "value": "de boa",
    "synonyms": [
      "boa",
      "dboa",
      "de boa",
      "deboa"
    ]
  },
  {
    "value": "eae",
    "synonyms": [
      "eae",
      "eai",
      "iai"
    ]
  },
  {
    "value": "fala ai",
    "synonyms": [
      "fala",
      "fala ai",
      "falai"
    ]
  },
  {
    "value": "hey",
    "synonyms": [
      "hei",
      "hello",
      "hey",
      "hi"
    ]
  },
  {
    "value": "oi",
    "synonyms": [
      "oi"
    ]
  },
  {
    "value": "ola",
    "synonyms": [
      "ola",
      "olá"
    ]
  },
  {
    "value": "saudações",
    "synonyms": [
      "saudacao",
      "saudacoes",
      "saudação",
      "saudações"
    ]
  },
  {
    "value": "sussa",
    "synonyms": [
      "suave",
      "susa",
      "sussa",
      "tranquilex",
      "tranquilidade",
      "tranquilo"
    ]
  },
  {
    "value": "tudo bom",
    "synonyms": [
      "bem",
      "bom",
      "tudo bem",
      "tudo bom",
      "tudo bão"
    ]
  }
]